implementation,p,c,k,items_per_producer,repetition,total_produced,total_consumed,duration_ms,throughput_items_s,average_occupancy,timeouts,consumer_0,consumer_1,consumer_2,consumer_3
channel,4,4,1,1000,1,4000,4000,13.982959,286062.49,0.49,0,1112,998,902,988
channel,4,4,1,1000,2,4000,4000,13.844500,288923.40,0.48,0,1109,949,925,1017
channel,4,4,1,1000,3,4000,4000,6.989250,572307.47,0.51,0,1011,927,946,1116
channel,4,4,10,1000,1,4000,4000,6.333834,631529.02,4.84,0,1049,990,1054,907
channel,4,4,10,1000,2,4000,4000,6.244125,640602.17,4.99,0,943,1045,1308,704
channel,4,4,10,1000,3,4000,4000,6.282292,636710.30,4.67,0,765,1068,1035,1132
channel,4,4,100,1000,1,4000,4000,5.904375,677463.75,39.56,0,900,1046,779,1275
channel,4,4,100,1000,2,4000,4000,5.942292,673140.94,53.70,0,849,1230,816,1105
channel,4,4,100,1000,3,4000,4000,6.264292,638539.84,41.35,0,771,786,1222,1221
